"Date ","series ","OPEN ","HIGH ","LOW ","PREV. CLOSE ","ltp ","close ","vwap ","52W H ","52W L ","VOLUME ","VALUE ","No of trades "
"28-Mar-2024","EQ","1,052.85","1,058.40","1,044.10","1,052.85","1,046.50","1,047.20","1,050.27","1,151.85","826.05","1,02,35,318","10,74,98,62,842.10","2,20,763"
"27-Mar-2024","EQ","1,045.80","1,057.55","1,044.25","1,040.55","1,052.00","1,052.85","1,050.31","1,151.85","826.05","1,70,27,308","17,88,40,10,983.45","2,87,048"
"26-Mar-2024","EQ","1,029.00","1,044.20","1,027.50","1,033.30","1,043.00","1,040.55","1,037.47","1,151.85","826.05","96,56,767","10,01,86,41,510.95","2,51,863"
"22-Mar-2024","EQ","1,040.10","1,047.25","1,029.95","1,035.60","1,031.00","1,033.30","1,038.24","1,151.85","825.55","98,91,194","10,26,94,36,021.05","2,36,409"
"21-Mar-2024","EQ","1,039.35","1,050.55","1,028.15","1,034.75","1,041.85","1,035.60","1,037.64","1,151.85","825.55","99,03,738","10,27,65,20,680.40","2,23,205"
"20-Mar-2024","EQ","1,050.00","1,057.45","1,030.95","1,050.80","1,038.25","1,034.75","1,043.11","1,151.85","825.55","1,26,19,644","13,16,36,64,760.15","3,39,938"
"19-Mar-2024","EQ","1,055.55","1,060.95","1,046.70","1,061.35","1,050.35","1,050.80","1,051.92","1,151.85","825.55","67,28,886","7,07,82,77,172.50","2,36,410"
"18-Mar-2024","EQ","1,044.00","1,066.90","1,043.60","1,046.40","1,064.75","1,061.35","1,056.44","1,151.85","825.55","76,12,407","8,04,20,37,127.25","2,73,150"
"15-Mar-2024","EQ","1,056.25","1,056.25","1,030.25","1,058.25","1,048.00","1,046.40","1,044.51","1,151.85","814.30","1,77,98,175","18,59,04,58,547.25","2,61,474"
"14-Mar-2024","EQ","1,075.00","1,081.25","1,055.60","1,080.40","1,061.10","1,058.25","1,068.08","1,151.85","814.30","1,02,53,613","10,95,16,73,978.40","1,93,181"
"13-Mar-2024","EQ","1,096.00","1,099.55","1,070.75","1,097.00","1,078.50","1,080.40","1,079.81","1,151.85","814.30","1,15,03,890","12,42,20,69,636.50","2,26,985"
"12-Mar-2024","EQ","1,105.00","1,121.40","1,084.25","1,105.10","1,094.45","1,097.00","1,101.89","1,151.85","814.30","98,17,138","10,81,74,33,853.80","2,28,070"
"11-Mar-2024","EQ","1,112.25","1,120.00","1,101.90","1,111.45","1,102.85","1,105.10","1,108.47","1,151.85","814.30","67,51,641","7,48,39,63,018.80","1,97,149"
"07-Mar-2024","EQ","1,126.00","1,126.90","1,107.55","1,125.00","1,111.00","1,111.45","1,115.58","1,151.85","814.30","69,43,879","7,74,64,42,476.65","2,01,584"
"06-Mar-2024","EQ","1,100.20","1,131.95","1,095.35","1,100.80","1,124.00","1,125.00","1,122.91","1,151.85","814.30","1,37,87,638","15,48,22,85,780.55","3,20,060"
"05-Mar-2024","EQ","1,102.20","1,110.90","1,094.50","1,106.75","1,101.90","1,100.80","1,101.53","1,151.85","814.30","48,51,446","5,34,40,20,979.70","1,58,323"
"04-Mar-2024","EQ","1,099.25","1,108.90","1,093.10","1,096.70","1,105.25","1,106.75","1,102.35","1,151.85","814.30","58,95,441","6,49,88,38,358.25","1,41,187"
"02-Mar-2024","EQ","1,099.30","1,104.90","1,091.15","1,099.25","1,095.25","1,096.70","1,097.07","1,151.85","814.30","2,50,465","27,47,78,449.10","8,031"
"01-Mar-2024","EQ","1,076.00","1,101.70","1,076.00","1,075.10","1,098.40","1,099.25","1,092.58","1,151.85","814.30","48,19,390","5,26,55,79,136.05","1,71,646"
"29-Feb-2024","EQ","1,071.00","1,082.30","1,055.35","1,074.20","1,073.65","1,075.10","1,069.97","1,151.85","814.30","1,36,48,997","14,60,40,48,710.15","2,31,689"
"28-Feb-2024","EQ","1,077.40","1,085.00","1,064.05","1,079.05","1,071.55","1,074.20","1,073.16","1,151.85","814.30","76,43,191","8,20,23,42,629.45","1,36,752"
"27-Feb-2024","EQ","1,081.65","1,088.55","1,072.05","1,085.20","1,080.40","1,079.05","1,079.98","1,151.85","814.30","65,46,815","7,07,04,46,833.65","2,29,780"
"26-Feb-2024","EQ","1,093.45","1,094.80","1,079.65","1,096.80","1,084.00","1,085.20","1,085.80","1,151.85","814.30","53,54,189","5,81,35,91,284.15","2,04,678"
"23-Feb-2024","EQ","1,099.00","1,107.40","1,090.00","1,100.90","1,093.75","1,096.80","1,099.43","1,151.85","814.30","62,50,943","6,87,24,67,279.45","1,80,522"
"22-Feb-2024","EQ","1,090.30","1,110.70","1,081.50","1,084.20","1,098.75","1,100.90","1,098.70","1,151.85","814.30","1,46,33,340","16,07,76,95,725.30","2,68,227"
"21-Feb-2024","EQ","1,093.85","1,093.95","1,073.10","1,088.60","1,079.55","1,084.20","1,081.74","1,151.85","814.30","91,77,213","9,92,73,35,651.25","1,99,283"
"20-Feb-2024","EQ","1,059.00","1,090.50","1,057.70","1,062.95","1,087.10","1,088.60","1,078.99","1,151.85","814.30","87,22,800","9,41,18,38,973.65","2,43,044"
"19-Feb-2024","EQ","1,069.00","1,070.00","1,060.10","1,068.75","1,064.35","1,062.95","1,064.53","1,151.85","814.30","75,62,645","8,05,06,29,517.55","1,63,537"
"16-Feb-2024","EQ","1,073.00","1,076.00","1,058.00","1,072.20","1,068.00","1,068.75","1,067.11","1,151.85","814.30","86,60,907","9,24,21,08,048.20","2,10,198"
"15-Feb-2024","EQ","1,097.50","1,097.55","1,069.25","1,096.85","1,074.75","1,072.20","1,078.80","1,151.85","814.30","1,17,80,823","12,70,92,03,876.50","2,55,813"
"14-Feb-2024","EQ","1,061.30","1,100.90","1,060.55","1,070.75","1,097.00","1,096.85","1,082.95","1,151.85","814.30","1,66,09,115","17,98,68,14,048.60","3,22,045"
"13-Feb-2024","EQ","1,051.00","1,075.55","1,044.80","1,046.70","1,070.60","1,070.75","1,063.39","1,151.85","814.30","84,13,609","8,94,69,47,169.40","2,22,013"
"12-Feb-2024","EQ","1,051.40","1,057.25","1,035.35","1,051.40","1,047.00","1,046.70","1,047.27","1,151.85","814.30","86,94,379","9,10,53,81,172.30","2,13,483"
"09-Feb-2024","EQ","1,039.95","1,054.90","1,034.55","1,035.90","1,052.60","1,051.40","1,046.39","1,151.85","814.30","82,33,454","8,61,53,86,873.55","2,45,062"
"08-Feb-2024","EQ","1,072.00","1,075.60","1,031.65","1,069.10","1,036.90","1,035.90","1,043.39","1,151.85","814.30","98,69,141","10,29,73,86,835.70","2,72,590"
"07-Feb-2024","EQ","1,061.05","1,073.70","1,057.50","1,050.05","1,072.00","1,069.10","1,067.49","1,151.85","814.30","72,81,793","7,77,32,07,507.55","2,18,920"
"06-Feb-2024","EQ","1,061.55","1,065.10","1,048.20","1,061.50","1,053.00","1,050.05","1,054.50","1,151.85","814.30","80,11,171","8,44,77,59,890.10","2,00,742"
"05-Feb-2024","EQ","1,067.05","1,079.50","1,058.00","1,067.05","1,059.20","1,061.50","1,068.12","1,151.85","814.30","1,25,69,454","13,42,56,87,174.35","2,67,496"
"02-Feb-2024","EQ","1,088.05","1,096.20","1,065.00","1,084.25","1,067.70","1,067.05","1,078.73","1,151.85","814.30","86,67,415","9,34,97,78,291.60","2,62,152"
"01-Feb-2024","EQ","1,072.65","1,087.65","1,056.80","1,067.75","1,083.45","1,084.25","1,073.44","1,151.85","814.30","97,56,682","10,47,32,26,767.75","2,13,721"
"31-Jan-2024","EQ","1,048.20","1,084.10","1,042.70","1,054.10","1,067.50","1,067.75","1,068.90","1,151.85","814.30","1,26,00,390","13,46,85,19,443.45","3,03,223"
"30-Jan-2024","EQ","1,060.05","1,070.45","1,050.80","1,061.25","1,053.50","1,054.10","1,057.78","1,151.85","814.30","94,26,983","9,97,16,98,908.40","3,25,034"
"29-Jan-2024","EQ","1,036.00","1,068.00","1,036.00","1,042.25","1,060.85","1,061.25","1,058.12","1,151.85","814.30","1,11,88,604","11,83,89,09,653.55","2,05,125"
"25-Jan-2024","EQ","1,058.00","1,063.70","1,025.80","1,059.15","1,050.10","1,042.25","1,037.96","1,151.85","814.30","2,08,35,434","21,62,63,12,133.15","3,93,518"
"24-Jan-2024","EQ","1,034.80","1,073.20","1,020.90","1,089.25","1,059.60","1,059.15","1,050.55","1,151.85","814.30","2,08,84,046","21,93,96,93,940.10","3,81,021"
"23-Jan-2024","EQ","1,125.90","1,141.60","1,078.80","1,121.00","1,082.00","1,089.25","1,101.48","1,151.85","814.30","1,89,24,087","20,84,45,33,168.65","2,98,496"
"20-Jan-2024","EQ","1,121.00","1,126.45","1,102.80","1,116.55","1,118.10","1,121.00","1,115.57","1,151.85","814.30","50,55,594","5,63,98,82,327.70","1,13,131"
"19-Jan-2024","EQ","1,107.15","1,126.30","1,105.00","1,097.50","1,116.00","1,116.55","1,118.44","1,151.85","814.30","1,23,03,696","13,76,09,61,329.10","3,48,516"
"18-Jan-2024","EQ","1,066.00","1,108.75","1,066.00","1,082.30","1,093.25","1,097.50","1,095.78","1,151.85","814.30","1,14,73,135","12,57,20,42,567.15","2,64,860"
"17-Jan-2024","EQ","1,082.00","1,115.00","1,079.20","1,119.10","1,080.75","1,082.30","1,095.23","1,151.85","814.30","2,49,13,719","27,28,61,73,643.85","5,34,448"
"16-Jan-2024","EQ","1,116.65","1,127.80","1,115.10","1,119.50","1,120.20","1,119.10","1,121.84","1,151.85","814.30","52,29,753","5,86,69,22,578.85","1,51,286"
"15-Jan-2024","EQ","1,122.00","1,130.45","1,116.60","1,120.35","1,120.50","1,119.50","1,121.23","1,151.85","814.30","67,19,079","7,53,36,58,320.55","2,48,969"
"12-Jan-2024","EQ","1,126.35","1,129.45","1,118.05","1,125.75","1,119.05","1,120.35","1,122.27","1,151.85","814.30","56,16,755","6,30,35,28,702.20","2,48,340"
"11-Jan-2024","EQ","1,111.05","1,127.90","1,111.05","1,107.00","1,125.00","1,125.75","1,122.67","1,151.85","814.30","46,83,035","5,25,74,89,790.30","1,43,442"
"10-Jan-2024","EQ","1,115.25","1,116.00","1,099.05","1,116.55","1,106.95","1,107.00","1,106.11","1,151.85","814.30","59,34,163","6,56,38,41,404.30","1,33,259"
"09-Jan-2024","EQ","1,128.55","1,135.55","1,112.35","1,122.00","1,118.80","1,116.55","1,124.29","1,151.85","814.30","63,59,362","7,14,97,64,859.70","1,84,213"
"08-Jan-2024","EQ","1,145.00","1,146.00","1,118.50","1,136.95","1,122.00","1,122.00","1,131.56","1,151.85","814.30","47,35,538","5,35,85,48,732.15","1,40,745"
"05-Jan-2024","EQ","1,124.00","1,139.90","1,119.00","1,123.40","1,134.30","1,136.95","1,131.22","1,151.85","814.30","80,25,466","9,07,85,62,317.50","1,93,046"
"04-Jan-2024","EQ","1,103.00","1,130.00","1,100.05","1,098.60","1,125.00","1,123.40","1,120.15","1,151.85","814.30","1,14,11,683","12,78,27,78,096.05","1,79,554"
"03-Jan-2024","EQ","1,091.00","1,102.60","1,081.30","1,093.25","1,098.00","1,098.60","1,093.81","1,151.85","814.30","1,02,25,290","11,18,44,74,919.70","2,32,835"
"02-Jan-2024","EQ","1,095.10","1,099.35","1,082.30","1,097.70","1,089.25","1,093.25","1,091.41","1,151.85","814.30","78,95,577","8,61,73,45,938.55","1,87,704"
"01-Jan-2024","EQ","1,095.00","1,104.00","1,093.00","1,102.30","1,095.00","1,097.70","1,099.75","1,151.85","814.30","40,83,732","4,49,11,02,999.50","1,60,126"
"29-Dec-2023","EQ","1,101.45","1,106.85","1,093.95","1,107.85","1,100.10","1,102.30","1,100.75","1,151.85","814.30","87,86,731","9,67,19,68,618.40","2,40,614"
"28-Dec-2023","EQ","1,107.25","1,113.00","1,098.00","1,106.35","1,105.45","1,107.85","1,106.86","1,151.85","814.30","1,40,97,667","15,60,41,86,879.50","2,45,184"
"27-Dec-2023","EQ","1,096.05","1,110.55","1,089.65","1,094.25","1,105.15","1,106.35","1,098.80","1,151.85","814.30","61,32,936","6,73,88,56,890.50","1,76,530"
"26-Dec-2023","EQ","1,091.20","1,100.65","1,086.70","1,088.30","1,095.10","1,094.25","1,095.43","1,151.85","814.30","56,87,517","6,23,02,84,824.95","1,72,889"
"22-Dec-2023","EQ","1,095.40","1,106.30","1,085.80","1,095.40","1,087.00","1,088.30","1,096.23","1,151.85","814.30","1,06,00,025","11,62,01,11,915.20","2,18,277"
"21-Dec-2023","EQ","1,103.90","1,103.90","1,077.20","1,110.25","1,097.50","1,095.40","1,087.00","1,151.85","814.30","1,09,14,682","11,86,42,90,405.90","2,21,320"
"20-Dec-2023","EQ","1,122.00","1,123.85","1,102.70","1,120.25","1,106.00","1,110.25","1,112.15","1,151.85","814.30","98,48,057","10,95,24,82,841.95","1,90,862"
"19-Dec-2023","EQ","1,123.80","1,126.85","1,114.20","1,111.35","1,118.10","1,120.25","1,120.30","1,151.85","814.30","68,24,641","7,64,56,47,743.95","1,74,957"
"18-Dec-2023","EQ","1,119.70","1,120.00","1,107.20","1,120.35","1,111.00","1,111.35","1,114.04","1,151.85","814.30","79,22,468","8,82,59,09,720.20","2,62,111"
"15-Dec-2023","EQ","1,119.20","1,127.85","1,108.60","1,120.45","1,119.00","1,120.35","1,117.59","1,151.85","814.30","1,20,48,410","13,46,51,33,552.55","3,23,172"
"14-Dec-2023","EQ","1,132.40","1,138.60","1,117.90","1,114.85","1,122.55","1,120.45","1,127.35","1,151.85","814.30","94,21,193","10,62,09,70,058.85","2,32,736"
"13-Dec-2023","EQ","1,150.00","1,151.00","1,111.45","1,131.00","1,116.90","1,114.85","1,120.12","1,151.85","814.30","81,84,523","9,16,76,67,504.25","2,15,402"
"12-Dec-2023","EQ","1,120.00","1,133.90","1,109.00","1,116.50","1,131.00","1,131.00","1,123.69","1,151.85","814.30","90,44,111","10,16,28,00,910.35","2,57,865"
"11-Dec-2023","EQ","1,129.00","1,139.40","1,113.85","1,131.20","1,115.00","1,116.50","1,121.41","1,151.85","814.30","69,24,589","7,76,52,83,070.70","1,47,123"
"08-Dec-2023","EQ","1,115.85","1,134.35","1,111.50","1,117.85","1,133.45","1,131.20","1,121.13","1,151.85","814.30","73,00,989","8,18,53,52,019.60","1,59,412"
"07-Dec-2023","EQ","1,119.25","1,129.60","1,108.50","1,120.50","1,120.65","1,117.85","1,118.93","1,151.85","814.30","64,39,419","7,20,52,63,307.40","1,47,192"
"06-Dec-2023","EQ","1,135.10","1,145.70","1,117.95","1,132.45","1,119.10","1,120.50","1,127.72","1,151.85","814.30","73,42,767","8,28,06,19,747.55","1,79,983"
"05-Dec-2023","EQ","1,136.80","1,151.85","1,127.15","1,125.60","1,132.95","1,132.45","1,138.10","1,151.85","814.30","1,58,04,808","17,98,74,09,745.60","3,10,273"
"04-Dec-2023","EQ","1,120.50","1,129.00","1,099.10","1,104.65","1,123.00","1,125.60","1,115.24","1,129.00","814.30","1,40,43,213","15,66,15,91,637.55","2,31,492"
"01-Dec-2023","EQ","1,075.40","1,109.00","1,070.20","1,074.25","1,103.00","1,104.65","1,097.61","1,109.00","814.30","1,44,28,758","15,83,71,27,265.30","2,68,061"
"30-Nov-2023","EQ","1,062.70","1,080.90","1,055.45","1,060.15","1,070.70","1,074.25","1,070.34","1,080.90","814.30","2,47,55,589","26,49,69,68,754.50","3,23,313"
"29-Nov-2023","EQ","1,027.15","1,063.50","1,021.15","1,021.15","1,058.90","1,060.15","1,044.10","1,063.50","814.30","94,22,396","9,83,79,64,232.90","2,39,751"
"28-Nov-2023","EQ","1,013.05","1,021.95","1,009.25","1,008.50","1,019.20","1,021.15","1,017.14","1,047.50","814.30","61,73,384","6,27,92,06,315.75","1,69,868"
"24-Nov-2023","EQ","1,002.00","1,010.75","999.70","999.05","1,009.00","1,008.50","1,006.79","1,047.50","814.30","69,56,281","7,00,35,45,304.55","1,75,696"
"23-Nov-2023","EQ","999.00","1,003.40","995.40","998.10","1,000.20","999.05","999.79","1,047.50","814.30","31,12,891","3,11,22,31,228.85","1,19,969"
"22-Nov-2023","EQ","991.00","999.90","988.00","991.80","999.40","998.10","994.21","1,047.50","814.30","61,03,988","6,06,86,67,929.00","1,63,331"
"21-Nov-2023","EQ","989.95","997.50","986.65","988.70","992.80","991.80","992.04","1,047.50","814.30","70,61,614","7,00,53,84,921.90","1,80,845"
"20-Nov-2023","EQ","981.00","994.75","980.35","994.35","988.00","988.70","988.02","1,047.50","814.30","82,15,656","8,11,71,97,106.55","1,59,755"
"17-Nov-2023","EQ","1,014.90","1,020.00","991.85","1,026.35","992.65","994.35","999.54","1,047.50","814.30","1,32,68,353","13,26,22,93,055.55","2,50,682"
"16-Nov-2023","EQ","1,042.80","1,044.00","1,022.15","1,041.35","1,026.00","1,026.35","1,034.32","1,047.50","814.30","69,08,825","7,14,59,41,936.85","1,33,655"
"15-Nov-2023","EQ","1,045.00","1,045.00","1,031.55","1,025.35","1,041.50","1,041.35","1,038.30","1,047.50","814.30","72,40,388","7,51,76,65,811.35","2,03,111"
"13-Nov-2023","EQ","1,030.05","1,031.85","1,023.50","1,029.95","1,026.00","1,025.35","1,027.36","1,047.50","814.30","59,85,481","6,14,92,42,004.05","1,84,560"
"12-Nov-2023","EQ","1,033.90","1,033.90","1,026.25","1,029.20","1,029.10","1,029.95","1,029.99","1,047.50","814.30","4,61,834","47,56,82,172.40","12,284"
"10-Nov-2023","EQ","1,017.90","1,031.00","1,016.65","1,021.90","1,029.80","1,029.20","1,024.38","1,047.50","814.30","32,94,063","3,37,43,59,818.35","1,10,355"
"09-Nov-2023","EQ","1,024.75","1,028.85","1,016.65","1,021.70","1,021.25","1,021.90","1,022.76","1,047.50","814.30","44,07,935","4,50,82,79,534.60","1,45,383"
"08-Nov-2023","EQ","1,024.00","1,026.95","1,015.60","1,020.90","1,020.10","1,021.70","1,020.58","1,047.50","814.30","76,43,314","7,80,06,10,010.25","2,17,176"
"07-Nov-2023","EQ","1,008.00","1,022.20","1,005.25","1,009.40","1,019.50","1,020.90","1,012.62","1,047.50","814.30","65,59,859","6,64,26,30,808.20","1,74,587"
"06-Nov-2023","EQ","995.00","1,016.20","993.10","988.85","1,010.05","1,009.40","1,008.78","1,047.50","814.30","65,52,178","6,60,96,74,739.85","1,28,492"
"03-Nov-2023","EQ","986.00","991.40","981.50","982.95","987.05","988.85","987.32","1,047.50","814.30","42,68,048","4,21,39,12,165.80","1,02,341"
"02-Nov-2023","EQ","978.00","988.35","974.00","971.80","982.50","982.95","981.85","1,047.50","814.30","51,93,982","5,09,97,06,109.85","1,11,235"
"01-Nov-2023","EQ","977.85","979.30","968.00","981.85","971.40","971.80","973.48","1,047.50","814.30","57,03,984","5,55,26,86,766.80","1,79,324"
"31-Oct-2023","EQ","998.00","998.00","978.00","989.20","980.45","981.85","984.46","1,047.50","814.30","78,16,805","7,69,53,70,543.30","1,84,332"
"30-Oct-2023","EQ","1,002.75","1,002.75","979.20","1,002.75","989.60","989.20","987.85","1,047.50","814.30","52,70,567","5,20,65,05,053.35","1,50,634"
"27-Oct-2023","EQ","980.00","1,004.75","973.30","972.05","999.90","1,002.75","988.83","1,047.50","814.30","1,34,43,016","13,29,29,05,893.75","1,89,306"
"26-Oct-2023","EQ","956.00","975.00","952.75","955.45","973.55","972.05","967.37","1,047.50","814.30","1,75,40,495","16,96,80,91,091.25","3,46,029"
"25-Oct-2023","EQ","960.00","974.00","951.40","964.30","956.85","955.45","961.87","1,047.50","814.30","69,57,048","6,69,18,05,765.40","1,98,957"
"23-Oct-2023","EQ","980.00","984.90","961.10","980.35","965.55","964.30","973.56","1,047.50","814.30","58,96,695","5,74,07,66,147.25","1,85,172"
"20-Oct-2023","EQ","989.00","992.90","977.75","991.40","979.40","980.35","983.17","1,047.50","797.10","56,64,400","5,56,90,86,834.10","1,30,181"
"19-Oct-2023","EQ","979.70","999.00","979.70","992.85","993.15","991.40","991.09","1,047.50","797.10","48,36,625","4,79,35,47,168.05","1,49,519"
"18-Oct-2023","EQ","1,010.00","1,014.10","989.35","1,008.05","993.70","992.85","997.16","1,047.50","797.10","78,18,946","7,79,67,54,978.65","2,05,313"
"17-Oct-2023","EQ","1,008.85","1,014.70","1,003.10","1,004.80","1,009.90","1,008.05","1,008.85","1,047.50","797.10","61,05,067","6,15,91,18,108.15","1,54,834"
"16-Oct-2023","EQ","990.00","1,009.45","990.00","994.05","1,005.15","1,004.80","1,003.49","1,047.50","797.10","46,46,960","4,66,31,80,997.30","1,55,414"
"13-Oct-2023","EQ","1,009.00","1,011.45","992.25","1,018.45","994.05","994.05","998.31","1,047.50","745.00","1,21,73,162","12,15,25,69,388.55","2,01,935"
"12-Oct-2023","EQ","1,022.00","1,031.00","1,014.95","1,019.10","1,017.40","1,018.45","1,022.99","1,047.50","745.00","49,20,222","5,03,33,47,282.55","1,98,459"
"11-Oct-2023","EQ","1,019.00","1,025.65","1,012.00","1,012.25","1,017.45","1,019.10","1,018.04","1,047.50","745.00","73,96,783","7,53,01,86,917.05","1,48,973"
"10-Oct-2023","EQ","999.90","1,014.95","996.50","996.25","1,011.25","1,012.25","1,008.29","1,047.50","745.00","57,28,499","5,77,59,72,985.90","1,91,384"
"09-Oct-2023","EQ","994.80","999.70","988.25","1,000.95","996.45","996.25","994.55","1,047.50","745.00","68,23,214","6,78,60,39,020.80","1,43,985"
"06-Oct-2023","EQ","1,005.00","1,008.00","999.40","1,003.25","1,004.00","1,000.95","1,003.17","1,047.50","721.05","52,89,753","5,30,65,21,872.55","1,57,387"
"05-Oct-2023","EQ","1,000.00","1,009.20","988.90","995.55","1,003.75","1,003.25","1,000.63","1,047.50","721.05","79,50,412","7,95,54,54,133.35","1,79,665"
"04-Oct-2023","EQ","1,035.35","1,037.00","988.85","1,041.05","991.90","995.55","1,011.38","1,047.50","721.05","2,25,84,212","22,84,13,23,284.10","3,61,995"
"03-Oct-2023","EQ","1,035.00","1,044.70","1,032.60","1,036.70","1,038.50","1,041.05","1,039.65","1,047.50","721.05","1,15,89,322","12,04,87,86,340.35","2,15,276"
"29-Sep-2023","EQ","1,030.90","1,041.00","1,024.50","1,030.90","1,036.85","1,036.70","1,034.57","1,047.50","707.70","95,28,626","9,85,80,42,195.50","1,90,409"
"28-Sep-2023","EQ","1,027.00","1,037.95","1,025.20","1,025.20","1,028.75","1,030.90","1,030.83","1,047.50","707.70","1,58,18,489","16,30,62,35,118.20","2,27,026"
"27-Sep-2023","EQ","1,009.95","1,027.95","1,004.00","1,014.15","1,024.50","1,025.20","1,016.20","1,047.50","707.70","51,58,686","5,24,22,58,067.55","1,43,890"
"26-Sep-2023","EQ","1,019.00","1,020.70","1,011.00","1,018.95","1,014.70","1,014.15","1,014.39","1,047.50","707.70","63,87,615","6,47,95,29,299.60","1,31,422"
"25-Sep-2023","EQ","1,015.20","1,026.00","1,005.15","1,018.25","1,019.70","1,018.95","1,015.78","1,047.50","707.70","71,23,890","7,23,63,37,809.65","1,48,886"
"22-Sep-2023","EQ","1,010.00","1,027.25","1,008.00","1,014.45","1,019.50","1,018.25","1,020.91","1,047.50","707.70","71,08,110","7,25,67,68,050.45","2,17,224"
"21-Sep-2023","EQ","1,026.60","1,033.60","1,012.10","1,027.30","1,013.50","1,014.45","1,020.78","1,047.50","707.70","81,56,588","8,32,60,84,260.80","2,26,052"
"20-Sep-2023","EQ","1,012.30","1,047.50","1,012.30","1,024.75","1,027.00","1,027.30","1,032.71","1,047.50","707.70","1,36,19,788","14,06,52,44,955.60","3,20,975"
"18-Sep-2023","EQ","1,021.55","1,029.90","1,019.00","1,027.15","1,022.75","1,024.75","1,025.91","1,031.75","707.70","63,97,319","6,56,30,81,439.80","2,01,997"
"15-Sep-2023","EQ","1,021.00","1,031.75","1,014.55","1,020.90","1,022.90","1,027.15","1,024.97","1,031.75","707.70","89,86,157","9,21,05,14,298.30","2,14,008"
"14-Sep-2023","EQ","1,014.45","1,022.40","1,009.05","1,014.45","1,020.00","1,020.90","1,017.77","1,022.40","707.70","78,55,558","7,99,51,36,644.40","2,33,556"
"13-Sep-2023","EQ","1,002.95","1,017.00","993.70","1,000.90","1,016.75","1,014.45","1,009.41","1,017.00","707.70","1,22,54,423","12,36,97,01,006.75","2,35,005"
"12-Sep-2023","EQ","1,010.00","1,010.00","998.05","1,000.40","1,000.30","1,000.90","1,003.31","1,010.00","707.70","89,58,327","8,98,79,35,681.45","2,73,700"
"11-Sep-2023","EQ","981.80","1,004.00","979.00","980.30","1,003.00","1,000.40","993.36","1,004.00","707.70","71,30,484","7,08,31,03,947.70","2,20,086"
"08-Sep-2023","EQ","978.20","987.30","972.50","978.20","980.15","980.30","979.08","998.00","707.70","64,39,351","6,30,46,15,744.35","1,39,828"
"07-Sep-2023","EQ","965.05","979.80","963.10","965.05","976.85","978.20","970.25","998.00","707.70","86,86,550","8,42,81,67,238.55","1,93,016"
"06-Sep-2023","EQ","981.45","983.15","961.80","981.45","966.95","965.05","970.17","998.00","707.70","1,63,51,052","15,86,33,75,525.75","3,32,757"
"05-Sep-2023","EQ","985.45","986.20","977.90","982.25","981.10","981.45","981.73","998.00","707.70","1,05,48,660","10,35,59,58,837.90","2,58,242"
"04-Sep-2023","EQ","993.75","994.55","980.00","991.15","983.45","982.25","984.61","998.00","707.70","67,27,188","6,62,36,64,482.10","1,85,609"
"01-Sep-2023","EQ","974.25","993.00","969.00","973.50","990.00","991.15","981.57","998.00","707.70","1,09,46,742","10,74,49,50,739.35","2,15,805"
"31-Aug-2023","EQ","981.80","994.70","968.60","983.35","971.50","973.50","977.98","998.00","707.70","2,15,58,300","21,08,35,83,404.95","2,91,821"
"30-Aug-2023","EQ","983.00","998.00","980.00","980.70","981.00","983.35","992.32","998.00","707.70","90,23,083","8,95,38,25,024.45","2,09,796"
"29-Aug-2023","EQ","990.20","991.00","977.50","990.20","981.85","980.70","981.69","994.25","707.70","81,14,141","7,96,55,98,160.50","2,60,845"
"28-Aug-2023","EQ","980.10","992.50","980.10","983.10","986.50","990.20","987.69","994.25","707.70","84,51,441","8,34,73,76,518.70","2,21,750"
"25-Aug-2023","EQ","974.00","988.20","970.80","981.35","982.00","983.10","980.51","994.25","707.70","62,28,241","6,10,68,75,145.00","1,64,949"
"24-Aug-2023","EQ","984.80","994.25","979.10","979.25","982.10","981.35","986.03","994.25","707.70","1,18,99,556","11,73,32,74,955.35","2,50,283"
"23-Aug-2023","EQ","962.00","980.45","958.40","957.05","977.25","979.25","972.35","990.00","707.70","1,26,77,151","12,32,66,47,757.60","1,80,436"
"22-Aug-2023","EQ","953.85","959.10","948.65","952.60","958.00","957.05","956.26","990.00","707.70","1,08,60,061","10,38,50,12,797.40","1,58,798"
"21-Aug-2023","EQ","944.20","954.25","943.95","943.05","951.50","952.60","950.40","990.00","707.70","68,22,155","6,48,38,09,700.90","1,55,184"
"18-Aug-2023","EQ","934.85","945.95","931.05","936.55","942.50","943.05","942.07","990.00","707.70","66,48,744","6,26,35,99,325.10","1,85,265"
"17-Aug-2023","EQ","935.95","943.00","931.65","933.05","937.25","936.55","938.45","990.00","707.70","93,36,994","8,76,22,92,583.50","2,76,317"
"16-Aug-2023","EQ","935.95","940.00","931.30","939.95","933.00","933.05","935.01","990.00","707.70","73,94,623","6,91,40,42,214.55","1,26,711"
"14-Aug-2023","EQ","935.00","943.30","928.90","937.20","940.00","939.95","936.81","990.00","707.70","71,72,522","6,71,92,57,570.85","2,02,979"
"11-Aug-2023","EQ","937.50","945.70","933.00","939.75","937.75","937.20","938.09","990.00","707.70","95,58,237","8,96,64,42,119.10","2,29,062"
"10-Aug-2023","EQ","948.00","951.95","937.30","950.00","940.45","939.75","943.63","990.00","707.70","1,35,90,891","12,82,47,49,603.85","3,17,925"
"09-Aug-2023","EQ","952.00","953.30","944.30","952.90","949.90","950.00","948.18","990.00","707.70","77,01,831","7,30,26,97,896.90","1,89,419"
"08-Aug-2023","EQ","950.00","959.90","944.05","947.40","953.20","952.90","952.49","990.00","707.70","1,15,12,735","10,96,57,43,490.80","2,38,800"
"07-Aug-2023","EQ","952.25","955.00","944.55","952.25","947.50","947.40","948.69","990.00","707.70","1,09,22,609","10,36,21,53,717.45","1,92,929"
"04-Aug-2023","EQ","947.00","954.85","934.65","935.55","950.80","952.25","946.36","990.00","707.70","1,23,76,086","11,71,22,64,563.30","2,47,055"
"03-Aug-2023","EQ","944.10","946.60","927.15","945.25","938.50","935.55","935.83","990.00","707.70","1,70,76,611","15,98,07,85,127.40","2,94,707"
"02-Aug-2023","EQ","951.50","958.90","936.60","959.90","944.95","945.25","944.83","990.00","707.70","93,24,465","8,81,00,26,038.30","2,34,382"
"01-Aug-2023","EQ","956.00","964.00","952.00","953.90","961.50","959.90","956.32","990.00","707.70","84,09,096","8,04,18,11,382.00","2,03,471"
"31-Jul-2023","EQ","954.70","958.60","948.30","949.95","954.90","953.90","953.57","990.00","707.70","66,01,991","6,29,54,47,675.95","1,79,078"
"28-Jul-2023","EQ","959.90","969.75","942.20","959.90","950.00","949.95","949.66","990.00","702.05","85,04,392","8,07,62,41,538.40","2,45,042"
"27-Jul-2023","EQ","989.35","990.00","955.75","976.80","961.15","959.90","968.18","990.00","702.05","1,78,58,061","17,28,98,62,523.50","3,35,807"
"26-Jul-2023","EQ","966.85","980.00","963.30","962.50","975.70","976.80","970.28","990.00","702.05","82,98,226","8,05,15,78,393.90","1,92,540"
"25-Jul-2023","EQ","977.65","977.65","953.80","971.50","963.00","962.50","961.34","990.00","702.05","1,34,48,045","12,92,80,98,519.05","2,48,155"
"24-Jul-2023","EQ","973.45","984.95","968.80","971.30","971.00","971.50","974.31","990.00","702.05","91,67,788","8,93,22,82,882.45","1,94,424"
"21-Jul-2023","EQ","971.60","985.00","968.00","977.90","971.60","971.30","974.99","990.00","663.45","62,30,317","6,07,45,16,066.65","1,31,682"
"20-Jul-2023","EQ","963.90","979.90","957.60","964.30","977.00","977.90","965.85","990.00","663.45","1,53,29,753","14,80,62,96,049.75","2,31,898"
"19-Jul-2023","EQ","964.00","969.90","956.50","963.65","963.00","964.30","965.18","990.00","663.45","75,74,544","7,31,07,70,181.00","1,78,252"
"18-Jul-2023","EQ","964.00","979.95","951.30","964.85","963.00","963.65","968.52","990.00","663.45","1,44,57,717","14,00,25,90,450.95","2,68,387"
"17-Jul-2023","EQ","960.00","968.90","950.45","957.05","964.60","964.85","958.05","990.00","663.45","84,72,444","8,11,70,42,419.50","1,53,203"
"14-Jul-2023","EQ","964.45","967.00","947.75","960.15","958.20","957.05","954.81","990.00","659.10","53,83,514","5,14,02,56,649.95","1,51,781"
"13-Jul-2023","EQ","956.30","966.00","952.15","950.00","962.25","960.15","960.44","990.00","659.10","1,30,79,930","12,56,24,27,927.05","2,55,509"
"12-Jul-2023","EQ","956.70","957.55","947.00","953.20","950.00","950.00","950.88","990.00","659.10","1,01,41,257","9,64,30,95,655.75","2,40,693"
"11-Jul-2023","EQ","967.90","971.75","950.60","964.05","954.45","953.20","960.02","990.00","659.10","1,06,16,390","10,19,19,77,300.80","2,47,445"
"10-Jul-2023","EQ","976.70","986.00","960.40","976.70","964.60","964.05","972.25","990.00","659.10","71,38,850","6,94,07,58,355.25","1,99,913"
"07-Jul-2023","EQ","976.25","989.45","971.80","980.95","975.60","976.70","980.24","990.00","640.50","62,36,524","6,11,32,83,495.65","1,73,947"
"06-Jul-2023","EQ","961.00","986.10","961.00","966.50","982.55","980.95","972.93","990.00","640.50","1,02,21,727","9,94,50,20,643.80","2,40,394"
"05-Jul-2023","EQ","969.00","975.50","962.10","970.70","967.80","966.50","968.19","990.00","640.50","82,00,047","7,93,92,28,535.05","1,71,231"
"04-Jul-2023","EQ","982.10","984.85","969.00","982.10","971.10","970.70","975.73","990.00","640.50","73,96,806","7,21,72,89,620.55","2,03,952"
"03-Jul-2023","EQ","990.00","990.00","978.00","987.45","984.00","982.10","982.96","990.00","640.50","55,62,743","5,46,79,50,581.95","1,64,784"
"30-Jun-2023","EQ","977.10","989.85","976.00","978.20","986.10","987.45","983.34","989.85","623.50","70,96,350","6,97,81,45,371.35","1,62,674"
"28-Jun-2023","EQ","979.00","984.00","967.00","973.25","980.45","978.20","976.77","989.70","623.50","1,00,10,996","9,77,84,70,650.35","1,94,446"
"27-Jun-2023","EQ","967.00","976.00","960.80","960.55","974.00","973.25","969.06","989.70","623.50","69,21,886","6,70,77,37,449.00","1,55,729"
"26-Jun-2023","EQ","959.50","963.50","953.10","958.40","960.00","960.55","958.40","989.70","623.50","57,99,528","5,55,82,66,508.30","1,65,004"
"23-Jun-2023","EQ","960.00","965.50","954.55","966.60","958.55","958.40","959.11","989.70","618.25","61,88,008","5,93,49,60,356.50","1,40,331"
"22-Jun-2023","EQ","962.20","973.45","958.70","966.00","963.75","966.60","966.63","989.70","618.25","1,01,35,883","9,79,76,72,460.10","1,58,829"
"21-Jun-2023","EQ","978.30","978.30","963.15","974.85","966.45","966.00","967.67","989.70","618.25","78,05,855","7,55,35,22,616.65","1,72,008"
"20-Jun-2023","EQ","965.95","977.00","958.55","965.65","976.00","974.85","967.92","989.70","618.25","75,96,593","7,35,28,63,737.85","1,39,616"
"19-Jun-2023","EQ","983.85","986.00","961.00","981.55","966.70","965.65","970.62","989.70","618.25","1,10,25,846","10,70,19,29,039.25","2,31,527"
"16-Jun-2023","EQ","982.80","985.45","977.20","977.15","982.00","981.55","980.99","989.70","618.25","88,60,900","8,69,24,81,894.50","1,76,892"
"15-Jun-2023","EQ","988.35","989.00","972.20","977.70","978.55","977.15","976.92","989.70","618.25","1,59,78,311","15,60,95,86,954.25","1,99,937"
"14-Jun-2023","EQ","986.00","988.20","976.00","985.85","977.30","977.70","980.71","989.70","618.25","86,44,423","8,47,76,33,173.15","1,34,898"
"13-Jun-2023","EQ","974.30","989.70","974.30","974.20","986.95","985.85","985.65","989.70","618.25","1,52,33,785","15,01,51,35,976.55","1,71,656"
"12-Jun-2023","EQ","973.00","977.90","968.60","974.75","974.90","974.20","974.53","981.70","618.25","74,65,375","7,27,52,68,091.35","1,28,054"
"09-Jun-2023","EQ","967.00","981.70","963.30","962.10","974.60","974.75","974.99","981.70","618.25","1,29,47,464","12,62,36,39,248.95","1,70,187"
"08-Jun-2023","EQ","973.05","974.85","959.90","976.75","961.70","962.10","966.83","981.25","618.25","1,02,09,982","9,87,13,64,694.45","1,55,125"
"07-Jun-2023","EQ","972.95","981.25","968.10","968.20","975.00","976.75","976.67","981.25","618.25","1,57,95,824","15,42,72,53,807.75","1,93,021"
"06-Jun-2023","EQ","951.10","970.75","951.10","950.85","966.00","968.20","963.32","970.75","618.25","1,44,57,988","13,92,76,67,088.75","2,03,343"
"05-Jun-2023","EQ","927.60","953.90","927.60","926.10","951.00","950.85","947.67","970.00","618.25","1,45,20,005","13,76,01,27,782.30","2,38,743"
"02-Jun-2023","EQ","922.65","930.50","920.25","919.70","923.70","926.10","925.22","970.00","618.25","1,16,16,991","10,74,83,18,700.85","1,55,663"
"01-Jun-2023","EQ","922.00","930.95","916.05","914.85","921.50","919.70","923.91","970.00","618.25","1,18,17,533","10,91,83,48,216.70","1,67,684"
"31-May-2023","EQ","937.35","939.90","910.20","937.45","917.50","914.85","916.83","970.00","618.25","3,47,57,004","31,86,62,86,587.55","2,64,113"
"30-May-2023","EQ","930.80","939.70","928.05","929.80","935.15","937.45","933.19","970.00","618.25","78,04,403","7,28,29,94,937.60","1,54,714"
"29-May-2023","EQ","931.00","937.70","928.05","926.95","930.70","929.80","933.27","970.00","618.25","71,33,871","6,65,78,25,588.40","1,27,183"
"26-May-2023","EQ","918.00","927.90","915.00","921.05","925.90","926.95","922.49","970.00","618.25","49,08,462","4,52,80,20,852.45","1,06,287"
"25-May-2023","EQ","916.70","923.55","912.45","917.70","920.35","921.05","916.90","970.00","618.25","81,49,350","7,47,21,19,111.25","1,13,733"
"24-May-2023","EQ","911.15","920.85","910.20","916.15","918.00","917.70","915.75","970.00","618.25","62,48,545","5,72,20,97,401.05","1,21,754"
"23-May-2023","EQ","917.55","922.50","912.40","917.55","912.95","916.15","918.17","970.00","618.25","82,73,445","7,59,63,97,802.65","1,41,294"
"22-May-2023","EQ","923.00","927.75","914.40","924.05","916.80","917.55","919.19","970.00","618.25","93,83,158","8,62,49,41,377.95","1,30,478"
"19-May-2023","EQ","920.90","927.00","908.95","914.70","926.00","924.05","916.94","970.00","618.25","83,93,002","7,69,58,79,382.05","1,49,439"
"18-May-2023","EQ","920.00","929.50","912.60","914.80","915.65","914.70","922.01","970.00","618.25","1,36,14,127","12,55,23,28,653.70","2,14,235"
"17-May-2023","EQ","917.70","918.90","911.25","917.80","915.20","914.80","915.74","970.00","618.25","1,02,48,327","9,38,48,50,303.70","1,59,245"
"16-May-2023","EQ","916.20","922.50","912.00","915.80","915.90","917.80","918.40","970.00","618.25","1,25,67,615","11,54,21,24,160.15","1,54,810"
"15-May-2023","EQ","910.65","919.50","909.15","910.65","913.10","915.80","916.02","970.00","618.25","73,39,579","6,72,31,79,195.50","1,83,405"
"12-May-2023","EQ","895.20","913.60","894.00","895.95","911.00","910.65","905.39","970.00","618.25","1,05,33,272","9,53,66,70,795.00","1,61,890"
"11-May-2023","EQ","891.00","900.00","889.00","889.90","895.70","895.95","895.23","970.00","618.25","1,38,16,121","12,36,86,19,503.95","2,00,160"
"10-May-2023","EQ","892.00","892.50","877.55","888.25","890.00","889.90","887.33","970.00","618.25","1,18,93,027","10,55,30,51,459.10","1,67,094"
"09-May-2023","EQ","882.20","890.20","880.00","878.45","888.00","888.25","886.80","970.00","618.25","1,21,17,151","10,74,54,83,967.45","1,56,537"
"08-May-2023","EQ","865.30","881.40","865.30","865.30","879.95","878.45","877.74","970.00","618.25","70,07,882","6,15,11,12,520.70","1,34,771"
"05-May-2023","EQ","867.15","885.00","862.75","865.95","864.75","865.30","874.20","970.00","618.25","1,43,43,308","12,53,88,77,195.70","1,96,545"
"04-May-2023","EQ","860.00","867.15","857.50","859.85","865.90","865.95","861.66","970.00","618.25","97,56,391","8,40,67,00,680.10","2,12,358"
"03-May-2023","EQ","863.85","866.85","854.05","870.65","859.05","859.85","859.26","970.00","618.25","1,51,03,015","12,97,74,45,017.40","2,89,619"
"02-May-2023","EQ","870.00","876.40","864.25","860.00","869.90","870.65","871.65","970.00","618.25","1,29,47,953","11,28,61,16,515.35","2,08,931"
"28-Apr-2023","EQ","885.10","890.05","853.65","881.40","860.00","860.00","860.94","970.00","618.25","2,30,04,117","19,80,50,82,924.80","3,71,287"
"27-Apr-2023","EQ","888.00","890.00","877.50","887.65","880.50","881.40","882.38","970.00","618.25","1,59,92,383","14,11,13,54,670.75","2,11,246"
"26-Apr-2023","EQ","877.40","889.45","875.20","878.35","885.60","887.65","882.29","970.00","618.25","1,94,68,723","17,17,70,83,781.20","2,31,914"
"25-Apr-2023","EQ","885.00","895.80","874.40","882.30","876.80","878.35","887.20","970.00","618.25","3,63,94,389","32,28,92,73,339.60","2,21,239"
"24-Apr-2023","EQ","868.00","884.40","860.50","864.20","884.25","882.30","873.68","970.00","618.25","1,82,01,632","15,90,24,35,367.85","1,70,058"
"21-Apr-2023","EQ","870.80","873.85","857.50","868.75","860.70","864.20","866.89","970.00","618.25","1,55,20,786","13,45,47,67,337.10","1,17,031"
"20-Apr-2023","EQ","874.80","875.60","864.15","873.40","871.10","868.75","868.69","970.00","618.25","1,94,44,753","16,89,14,15,680.10","1,28,040"
"19-Apr-2023","EQ","865.00","874.50","862.55","863.35","871.95","873.40","869.32","970.00","618.25","2,34,94,247","20,42,40,19,478.25","1,70,158"
"18-Apr-2023","EQ","865.35","872.00","857.10","864.55","864.75","863.35","865.53","970.00","618.25","1,72,38,709","14,92,07,05,065.35","1,40,178"
"17-Apr-2023","EQ","882.00","882.00","861.00","864.35","864.00","864.55","867.05","970.00","618.25","2,25,77,380","19,57,57,35,178.10","1,78,837"
"13-Apr-2023","EQ","853.65","867.70","845.00","851.05","864.00","864.35","854.42","970.00","618.25","2,39,34,570","20,45,01,23,140.30","1,76,831"
"12-Apr-2023","EQ","854.90","856.65","846.65","853.30","851.95","851.05","850.29","970.00","618.25","1,34,80,335","11,46,22,40,653.50","1,60,356"
"11-Apr-2023","EQ","848.25","855.70","844.05","847.35","853.70","853.30","849.69","970.00","618.25","2,39,30,907","20,33,38,91,050.00","1,91,245"
"10-Apr-2023","EQ","854.80","854.95","843.95","851.95","845.50","847.35","848.25","970.00","618.25","1,56,56,078","13,28,02,68,139.00","1,40,348"
"06-Apr-2023","EQ","861.80","863.25","849.00","860.50","851.30","851.95","854.22","970.00","618.25","1,96,77,316","16,80,87,22,254.05","1,97,757"
"05-Apr-2023","EQ","871.00","871.00","857.00","864.60","860.00","860.50","860.63","970.00","618.25","1,18,90,015","10,23,29,53,006.70","1,88,518"
"03-Apr-2023","EQ","864.00","866.80","856.45","858.50","865.35","864.60","862.05","970.00","618.25","1,32,66,882","11,43,67,20,768.45","1,34,998"